{
  "hash": "590d9ef0",
  "configHash": "92423af4",
  "lockfileHash": "b6983e60",
  "browserHash": "107fde5c",
  "optimized": {
    "@angular/core": {
      "src": "../../../../../node_modules/@angular/core/fesm2022/core.mjs",
      "file": "@angular_core.js",
      "fileHash": "5816017a",
      "needsInterop": false
    },
    "@angular/forms": {
      "src": "../../../../../node_modules/@angular/forms/fesm2022/forms.mjs",
      "file": "@angular_forms.js",
      "fileHash": "7c5ad031",
      "needsInterop": false
    },
    "@angular/platform-browser": {
      "src": "../../../../../node_modules/@angular/platform-browser/fesm2022/platform-browser.mjs",
      "file": "@angular_platform-browser.js",
      "fileHash": "0d4f4e73",
      "needsInterop": false
    },
    "@angular/router": {
      "src": "../../../../../node_modules/@angular/router/fesm2022/router.mjs",
      "file": "@angular_router.js",
      "fileHash": "05df99a5",
      "needsInterop": false
    },
    "sweetalert2": {
      "src": "../../../../../node_modules/sweetalert2/dist/sweetalert2.all.js",
      "file": "sweetalert2.js",
      "fileHash": "3309f851",
      "needsInterop": true
    }
  },
  "chunks": {
    "chunk-SVV757BM": {
      "file": "chunk-SVV757BM.js"
    },
    "chunk-6CH6BMPS": {
      "file": "chunk-6CH6BMPS.js"
    },
    "chunk-Q5Z3DEOE": {
      "file": "chunk-Q5Z3DEOE.js"
    },
    "chunk-WKYGNSYM": {
      "file": "chunk-WKYGNSYM.js"
    }
  }
}