{
  "hash": "ac236307",
  "configHash": "afe2c7ed",
  "lockfileHash": "57e4d300",
  "browserHash": "0bad413a",
  "optimized": {
    "@angular/core": {
      "src": "../../../../../node_modules/@angular/core/fesm2022/core.mjs",
      "file": "@angular_core.js",
      "fileHash": "a91e57d6",
      "needsInterop": false
    },
    "@angular/platform-browser": {
      "src": "../../../../../node_modules/@angular/platform-browser/fesm2022/platform-browser.mjs",
      "file": "@angular_platform-browser.js",
      "fileHash": "8b2e872e",
      "needsInterop": false
    },
    "@angular/router": {
      "src": "../../../../../node_modules/@angular/router/fesm2022/router.mjs",
      "file": "@angular_router.js",
      "fileHash": "19d59252",
      "needsInterop": false
    }
  },
  "chunks": {
    "chunk-3QQCNWPJ": {
      "file": "chunk-3QQCNWPJ.js"
    },
    "chunk-ORK62JUO": {
      "file": "chunk-ORK62JUO.js"
    }
  }
}